place,months
해파랑길(강릉 ~ 양양),4 5 6 9 10 11
제주올레(7코스 / 10코스 / 20코스),4 5 6 9 10 11
지리산둘레길(3코스 / 5코스),4 5 6 9 10 11
남파랑길(통영 / 남해),4 5 6 9 10 11
북한산둘레길,4 5 6 9 10 11
강화나들길(8코스),4 5 6 9 10 11
서울 한양도성 순성길(낙산 ~ 북악산),4 5 6 9 10 11
DMZ 트레일,3 4 5 6 9 10 11
청산도 슬로길,3 4 5 6 9 10 11
군산시 선유도,6
덕수궁 돌담길,10
남이섬 겨울,12
서울 남산타워,10 11 12
경복궁(북촌한옥마을>인사동>남산타워),10
북촌한옥마을,4 5 6 9 10
템플스테이,1 9 10 11 12
협곡열차(백두대간 협곡 단풍/낙동강),10 11
서해금빛열차(서해안/군산/익산),3 4 5 6 9 10 11
보령머드축제,7
화천산천어축제,1
진주 남강 유등축제,10
안동 탈춤축제,9 10
진해 군항제,3 4
함평 나비축제,4 5
강릉 단오제,6
금산 인삼축제,9 10
허브아일랜드 불빛축제,12
부산국제영화제,10
서울빛초롱축제,11
자라섬 국제 재즈 페스티벌,10
부천국제만화축제,8
수원화성문화제,10
연등회,5 6
보성 녹차축제,5
설악산 (여름계곡 & 단풍)울산바위>속초중앙시장>경포호>안목커피거리,6 7 8 10
황매산 철쭉,5
무등산,6 7 8
내장산 단풍,9 10 11
지리산(화엄사>쌍계사>지리산둘레길>화개장터),10
오대산,10
태백산 눈꽃,1
한라산 설경,1 2
북한산,
보성녹차밭(죽녹원>메타세콰이어길>대한다원),4 5
메타세콰이어길,10
순천만 갈대 노을 (국가정원>오동도>여수 해상케이블카),10 11
월정사 전나무숲,10
전주한옥마을,4 5 10
해운대블루라인(스카이캡슐/해변열차/산책로),4 5 6 9 10
강릉 커피거리(안목커피거리)(정동진>묵호항),2 9 10 11 12
광양 매화마을,3
화개 십리벚꽃길,3 4
경주 보문단지 벚꽃,4
담양 메타세쿼이아길,5
죽녹원,5
울릉도(성인봉>도동항>죽도),6
해운대 (7~8월),7 8
제주도 우도(성산일출봉>만장굴>주상절리대),6
하회마을,10
불국사(석굴암>대릉원 고분군>동궁과 월지),10
천제연폭포,5 6 10
성산일출봉 일출,7 8 9 10
울산바위,10
거제 해금강(외도보타니아>바람의언덕>남해독일마을>보리암),4 5 6
포항 죽도시장,3 4 5 9 10
구룡포,4 5 9 10
환선굴,6 7 8 9
단양팔경,10
청산도,4 5 9 10
여수 사도,6 7 8 9
울릉도 죽도,6 7 8 9
경포호(경포대>정동진해변>삼척해신당공원>환선굴),5 6 7 8 9 10
거제 해금강 한국 해안 절벽 절경,4 5 6 9 10
부산 태종대 유원지 절벽과 바다 풍경,3 4 5 9 10
만장굴,6 7 8 9
숲과 정원 (인생 사진 및 힐링),
인제 원대리 자작나무 숲: 하얀 나무 기둥과 눈의 조화 (12월~2월),1 2 12
광주 화담숲: 모노레일과 단풍의 절경 (10월 말~11월 초),10 11
창녕 우포늪: 태고의 신비를 간직한 국내 최대 내륙 습지 (5월~6월),5 6
신안 퍼플섬 (반월·박지도): 마을 전체가 보라색인 이색 풍경 (6월~8월),6 7 8
"가평 아침고요수목원: 사계절 꽃축제 및 겨울 빛축제 (5월, 12월)",5 12
담양 소쇄원: 한국 민간 정원의 극치 (5월~6월),5 6
고창 청보리밭 (학원농장): 끝없이 펼쳐진 초록 물결 (4월~5월),4 5
함양 상림숲: 천년의 세월을 간직한 인공림 (9월 꽃무릇),9
제주 사려니숲길: 삼나무 사이로 내리는 햇살 (6월),6
제주 비자림: 천년의 비자나무 숨결 (7월~8월),7 8
"양구 두타연: 민통선 내 숨겨진 비경 (5월, 10월)",5 10
평창 대관령 양떼목장: 한국의 알프스라 불리는 고원 (1월~2월),1 2
산청 동의보감촌: 기(氣)를 받는 한방 테마 파크 (10월),10
구례 화엄사 홍매화: 붉은 매화와 사찰의 미학 (3월 말),3
남해 원예예술촌: 세계 각국의 정원 양식 (5월),5
산과 고원 (트레킹 및 조망),
울산 간월재: 영남알프스 억새 군락지의 은빛 물결 (10월),10
"남해 보리암: 금산 정상에서 바라보는 한려수도와 일출 (1월, 10월)",1 10
태백 매봉산 바람의 언덕: 고랭지 배추밭과 풍차 (8월),8
정선 민둥산: 억새 산행의 성지 (10월 말),10
"평창 발왕산 기 스카이워크: 구름 위를 걷는 듯한 조망 (1월, 10월)",1 10
"원주 소금산 출렁다리: 아찔한 높이의 절벽 산책 (5월, 10월)",5 10
완주 대둔산 구름다리: 수직에 가까운 계단과 단풍 (11월),11
영월 한반도지형: 강물이 빚어낸 한반도 모양 (9월),9
단양 만천하 스카이워크: 남한강이 한눈에 들어오는 전망 (5월),5
순창 강천산: 아기단풍과 구름다리 (11월 초),11
영동 월류봉: 달도 머물다 가는 봉우리 (가을),9 10 11
영주 소백산 철쭉: 산등성이를 뒤덮은 분홍빛 (5월 말),5
동두천 소요산: 수도권 최고의 단풍 명소 (10월 말),10
진안 마이산: 말의 귀를 닮은 신비로운 바위산 (4월 벚꽃길),4
문경새재: 옛 선비들이 넘던 고갯길 트레킹 (10월),10
포천 명성산: 산정호수를 품은 억새밭 (10월),10
고창 선운사 꽃무릇: 붉은 카펫을 깔아놓은 듯한 사찰 길 (9월 하순),9
3. 역사와 건축 (문화유산 및 예술),
"원주 뮤지엄 산(SAN): 안도 타다오가 설계한 자연 속 미술관 (5월, 10월)",5 10
합천 해인사 장경판전: 세계기록유산 팔만대장경의 위엄 (연중),1 2 3 4 5 6 7 8 9 10 11 12
영주 부석사: 무량수전 배흘림기둥에서 보는 석양 (10월 말),10
공주 무령왕릉 / 공산성: 백제의 숨결이 깃든 고도 (봄/가을),3 4 5 9 10 11
부여 궁남지: 우리나라 최초의 인공 연못 (7월 연꽃),7
익산 미륵사지: 동양 최대의 사지(寺址)와 석탑 (가을 일몰),9 10 11
순천 낙안읍성: 초가집이 그대로 보존된 민속마을 (겨울),1 12
안동 도산서원: 퇴계 이황의 학문이 깃든 곳 (가을),9 10 11
청주 청남대: 역대 대통령들의 별장과 대청호 풍경 (10월),10
과천 국립현대미술관: 야외 조각 공원과 미술 전시 (가을),9 10 11
창덕궁 후원(비원): 예약제로 운영되는 왕의 정원 (11월 초),11
서울 롯데월드타워 서울스카이: 한국 최고층에서 보는 도시 야경 (연중),1 2 3 4 5 6 7 8 9 10 11 12
논산 명재고택: 전통 가옥의 미학과 수많은 장독대 (겨울 설경),1 2 12
예산 수덕사: 고려 시대 목조 건축의 정수 (연중),1 2 3 4 5 6 7 8 9 10 11 12
나주 곰탕거리 / 금성관: 호남의 작은 한양 (봄/가을),3 4 5 6 9 10 11
진주성 촉석루: 남강에 비친 논개의 넋 (10월 유등축제 기간),10
4. 바다와 섬 (해안 절경 및 액티비티),
포항 호미곶: 상생의 손 너머로 뜨는 일출 (1월 1일),
포항 스페이스워크: 하늘을 걷는 듯한 체험형 조형물 (연중 야간),
목포 해상케이블카: 유달산과 다도해를 한눈에 (10월 일몰 시),10
진도 신비의 바닷길: 한국판 모세의 기적 (음력 2~3월),
양양 서피비치: 이국적인 분위기의 서핑 성지 (7월~8월),7 8
삼척 미인폭포: 에메랄드빛 물색의 신비로운 폭포 (여름),
영광 백수해안도로: 국내 최고의 드라이브 코스 (9월 일몰),9
울산 대왕암공원: 기암괴석과 출렁다리의 조화 (연중),
거제 매미성: 개인이 쌓아 올린 중세 유럽풍 성벽 (가을),
동해 도째비골 스카이밸리: 묵호 등대 옆 아찔한 산책로 (여름),
태안 신두리 해안사구: 한국의 사막이라 불리는 모래언덕 (봄/가을),
신안 증도 태평염전: 소금박물관과 염전 체험 (8월),8
제주 용머리해안: 층층이 쌓인 해안 절벽 (연중 물때 확인 필수),
제주 섭지코지: 성산일출봉을 마주 보는 해안 산책로 (3월 유채꽃),
완도 보길도 세연정: 고산 윤선도의 어부사시사가 탄생한 곳 (5월),
통영 Mireuksan(미륵산) 케이블카: 다도해의 정점 (봄),
부산 영도 흰여울문화마을: 절벽 위 바다 마을 산책 (해질녘),
5. 도시와 특별한 체험,
서울 동대문 디자인 플라자(DDP): 자하 하디드의 유려한 건축물 (야간),
수원 행리단길 / 화성어차: 성곽 옆 힙한 카페와 역사 체험 (봄/가을),
논산 선샤인랜드: 드라마 '미스터 션샤인' 촬영지 (연중),
춘천 소양강 스카이워크: 바닥이 투명한 소양강 산책 (여름),
정선 아라리촌 / 짚와이어: 정선 아리랑과 아찔한 체험 (가을),
강릉 하슬라 아트월드: 바다를 품은 조각 미술관 (연중),
속초 아바이마을: 갯배 타고 즐기는 순대와 실향민의 삶 (연중),
김포 라베니체: 수로 위 문보트와 야경 (여름~가을),
화성 제부도 모세의 길: 물때 맞춰 들어가는 섬과 케이블카 (연중),
대구 근대골목: 선교사의 집과 3.1 만세 운동길 (가을),
평창 백룡동굴: 탐험복 입고 즐기는 천연 동굴 탐사 (여름),
밀양 만어사: 돌을 치면 종소리가 나는 만어석 (여름),
부안 곰소염전 / 내소사: 전나무 길 산책과 젓갈 쇼핑 (가을),
"안성 팜랜드: 호밀밭과 코스모스 밭의 대향연 (5월, 10월)",5 10
시흥 오이도 빨간등대: 서해안 낙조와 조개구이 (겨울),
6. 시즌 한정 축제 및 테마 (이미지 외),
청양 칠갑산 얼음분수축제: 거대한 빙벽과 눈 조각 (1월),
평창 송어축제: 얼음 위에서 즐기는 손맛 (1월),
태안 세계튤립꽃박람회: 세계 5대 튤립 축제 (4월),
곡성 세계장미축제: 수억 송이 장미의 향연 (5월),
태백 산나물축제: 청정 고원의 향긋한 봄맛 (5월),
부여 서동연꽃축제: 10만 평의 연꽃 단지 (7월),
봉화 백두대간수목원 호랑이숲: 진짜 호랑이를 만나는 곳 (봄/가을),
하동 정금차밭: 지리산 자락 아래 초록빛 차밭 조망 (5월),
울진 불영계곡: 드라이브와 계곡 피서 (7월~8월),7 8
고양 국제꽃박람회: 국내 최대 규모의 꽃 전시 (4월 말),
상주 경천대: 낙동강 제1경의 장관 (가을),
충주 악어봉: 악어떼가 헤엄치는 듯한 충주호 비경 (10월),10
괴산 산막이옛길: 강을 따라 걷는 옛길 트레킹 (봄/가을),
보은 법주사 정이품송: 임금님을 모신 소나무와 사찰 (가을),
서천 국립생태원: 5대양 6대주 생태계를 한곳에 (연중),
진안 운장산 / 구봉산: 구름다리에서 보는 운해 (가을),
가평 가평레일바이크: 북한강 철길 위 질주 (5월),
강릉 오죽헌: 신사임당과 율곡 이이의 생가 (3월 매화 시기),
신안 증도 우전해변: 짚 파라솔 아래 이국적 정취 (8월),8
